tag,step,wall_time,loss,eval_loss,learning_rate,grad_norm
full,1,119.10244488716125,2.5481438636779785,,0.0,nan
full,2,150.1762306690216,2.157665252685547,,0.0,nan
full,3,194.18017983436584,2.00441575050354,,0.0,3.013535261154175
full,4,222.00235795974731,2.300272226333618,,3.3333333333333333e-06,3.528454542160034
full,5,251.03931260108948,2.2582812309265137,,6.666666666666667e-06,3.8491621017456055
full,6,292.1081178188324,2.061846971511841,,1e-05,3.304236888885498
full,7,315.3535897731781,2.080050468444824,,1.3333333333333333e-05,3.6162378787994385
full,8,351.4828178882599,2.0446548461914062,,1.6666666666666667e-05,2.9419448375701904
full,9,406.3550193309784,2.3316385746002197,,2e-05,2.5309972763061523
full,10,442.83906269073486,1.8743541240692139,,2.3333333333333336e-05,2.4005894660949707
full,11,483.68845868110657,2.0068423748016357,,2.6666666666666667e-05,2.386949062347412
full,12,518.524879693985,1.963644027709961,,3e-05,2.2697858810424805
full,13,561.4281418323517,2.17006778717041,,3.3333333333333335e-05,2.123272657394409
full,14,613.6846883296967,2.045742988586426,,3.6666666666666666e-05,1.7558693885803223
full,15,684.1534295082092,2.086005687713623,,4e-05,1.4966957569122314
full,16,711.7098996639252,1.799574851989746,,4.3333333333333334e-05,1.7751984596252441
full,17,751.2504839897156,1.6909217834472656,,4.666666666666667e-05,1.3559961318969727
full,18,801.2059991359711,1.6728233098983765,,5e-05,1.166361689567566
full,19,842.670478105545,1.6298662424087524,,4.999848114735858e-05,1.1618642807006836
full,20,908.4501810073853,2.028663396835327,,4.999392477398737e-05,0.9957526922225952
full,21,933.4680349826813,1.4908876419067383,,4.9986331433523156e-05,0.9937434196472168
full,22,958.8714725971222,1.4087576866149902,,4.997570204861915e-05,0.8551656007766724
full,23,975.7039425373077,1.2489218711853027,,4.996203791083291e-05,0.8730270266532898
full,24,1002.403596162796,1.274206519126892,,4.994534068046937e-05,0.7178278565406799
full,25,1061.0596661567688,1.5909793376922607,,4.992561238637912e-05,0.611730694770813
full,25,1219.6990447044373,,1.2576875686645508,,
full,26,1259.0637259483337,1.4109621047973633,,4.9902855425711905e-05,0.5858537554740906
full,27,1302.7982850074768,1.5239826440811157,,4.9877072563625285e-05,0.5943077802658081
full,28,1341.0819537639618,1.4247169494628906,,4.984826693294874e-05,0.5388228297233582
full,29,1390.5220158100128,1.3602955341339111,,4.981644203380291e-05,0.4700041115283966
full,30,1420.7579424381256,1.0484815835952759,,4.978160173317438e-05,0.47395065426826477
full,31,1462.9529433250427,1.4935388565063477,,4.974375026444575e-05,0.48924991488456726
full,32,1496.4531519412994,1.2290515899658203,,4.970289222688129e-05,0.49353164434432983
full,33,1544.3157844543457,1.3600351810455322,,4.965903258506806e-05,0.4718722105026245
full,34,1571.853059053421,1.156273365020752,,4.961217666831268e-05,0.5143108367919922
full,35,1604.6191234588623,1.1382908821105957,,4.956233016999379e-05,0.49816468358039856
full,36,1638.43913936615,1.1604286432266235,,4.9509499146870236e-05,0.46063312888145447
full,37,1683.9221942424774,1.298898696899414,,4.9453690018345144e-05,0.43888261914253235
full,38,1718.9706614017487,1.2123641967773438,,4.9394909565685894e-05,0.4516613483428955
full,39,1759.556360244751,1.1043412685394287,,4.933316493120015e-05,0.39523616433143616
full,40,1797.0634565353394,1.1884340047836304,,4.9268463617368e-05,0.4274712800979614
full,41,1839.9772143363953,1.0710022449493408,,4.9200813485930375e-05,0.44591355323791504
full,42,1878.139894247055,1.386199712753296,,4.913022275693372e-05,0.45580005645751953
full,43,1922.8353028297424,1.2901936769485474,,4.905670000773126e-05,0.46876487135887146
full,44,1961.7175014019012,1.259831428527832,,4.8980254171940746e-05,0.4508324861526489
full,45,1987.0173618793488,0.9269331693649292,,4.8900894538358944e-05,0.41653212904930115
full,46,2034.8856077194214,1.1922979354858398,,4.881863074983298e-05,0.46408146619796753
full,47,2069.604124546051,1.0246350765228271,,4.8733472802088654e-05,0.39245063066482544
full,48,2104.601283311844,1.2653324604034424,,4.864543104251587e-05,0.49218374490737915
full,49,2158.189649581909,1.194028615951538,,4.855451616891136e-05,0.4683198928833008
full,50,2204.923421382904,1.4504038095474243,,4.8460739228178806e-05,0.5633583068847656
full,50,2362.327542066574,,0.8555185198783875,,
full,51,2387.79661488533,0.8039603233337402,,4.8364111614986527e-05,0.6493885517120361
full,52,2456.6545145511627,1.6528624296188354,,4.8264645070382964e-05,0.7396122217178345
full,53,2505.4194519519806,1.1534059047698975,,4.8162351680370044e-05,0.43885964155197144
full,54,2523.3101778030396,0.5497667789459229,,4.805724387443462e-05,0.4152558743953705
full,55,2567.3053693771362,1.1556583642959595,,4.7949334424038176e-05,0.5052525997161865
full,56,2605.874731063843,0.9847995042800903,,4.783863644106502e-05,0.42508676648139954
full,57,2628.558798789978,0.7650017738342285,,4.7725163376229064e-05,0.43656012415885925
full,58,2660.565856695175,0.987765908241272,,4.760892901743944e-05,0.4131356477737427
full,59,2687.1220152378082,0.7408213019371033,,4.7489947488125175e-05,0.3895932734012604
full,60,2714.864548921585,0.9001612663269043,,4.736823324551909e-05,0.3766595423221588
full,61,2764.231634616852,1.3961598873138428,,4.7243801078901084e-05,0.624768853187561
full,62,2790.011547088623,0.7994862198829651,,4.711666610780115e-05,0.3734193742275238
full,63,2815.008636236191,0.9608770608901978,,4.698684378016222e-05,0.45213228464126587
full,64,2867.734318971634,1.3624637126922607,,4.685434987046314e-05,0.6326875686645508
full,65,2912.125664949417,1.1819813251495361,,4.671920047780186e-05,0.5449293255805969
full,66,2960.379031896591,1.0781619548797607,,4.6581412023939354e-05,0.5178247690200806
full,67,3016.2220883369446,1.170035481452942,,4.644100125130418e-05,0.5580930709838867
full,68,3046.848870277405,0.850497841835022,,4.629798522095818e-05,0.36523041129112244
full,69,3091.061304330826,1.0639972686767578,,4.6152381310523387e-05,0.43098723888397217
full,70,3147.1242475509644,1.1249144077301025,,4.600420721207053e-05,0.5866233110427856
full,71,3187.5147140026093,1.0513367652893066,,4.585348092996925e-05,0.3918728530406952
full,72,3210.136515855789,0.7265201807022095,,4.5700220778700504e-05,0.4513414204120636
full,73,3246.526209831238,0.8988698720932007,,4.554444538063113e-05,0.4023035764694214
full,74,3306.4433693885803,1.289042353630066,,4.538617366375112e-05,0.46429502964019775
full,75,3341.1681246757507,1.1250791549682617,,4.522542485937369e-05,0.4838135242462158
full,75,3498.0985090732574,,0.7138325572013855,,
full,76,3537.519316673279,1.1747958660125732,,4.5062218499798526e-05,0.4736492931842804
full,77,3560.909047603607,0.7983757853507996,,4.4896574415938465e-05,0.4012269079685211
full,78,3594.4235706329346,0.7570401430130005,,4.4728512734909844e-05,0.40580397844314575
full,79,3619.718091249466,0.7100067138671875,,4.455805387758691e-05,0.3955647051334381
full,80,3658.98335313797,1.078754186630249,,4.438521855612054e-05,0.5192204117774963
full,81,3705.0353424549103,1.0360982418060303,,4.421002777142148e-05,0.3944607973098755
full,82,3751.728746652603,1.1734611988067627,,4.4032502810608614e-05,0.4298020303249359
full,83,3786.82528758049,1.1243934631347656,,4.385266524442241e-05,0.4765014350414276
full,84,3810.998769044876,0.7188199758529663,,4.367053692460385e-05,0.4799695909023285
full,85,3859.7683668136597,1.0875931978225708,,4.3486139981239304e-05,0.4194195866584778
full,86,3905.4131870269775,1.0581258535385132,,4.3299496820071546e-05,0.3730902373790741
full,87,3934.7952647209167,0.7614082098007202,,4.311063011977723e-05,0.4051946699619293
full,88,3978.596733570099,0.9738048315048218,,4.2919562829211283e-05,0.36706411838531494
full,89,4026.8665177822113,1.300161361694336,,4.2726318164618435e-05,0.4307679831981659
full,90,4051.946783542633,0.6151665449142456,,4.2530919606812216e-05,0.28102758526802063
full,91,4088.6395564079285,0.786504864692688,,4.233339089832189e-05,0.3598799407482147
full,92,4126.791557073593,1.0520687103271484,,4.21337560405075e-05,0.3929857909679413
full,93,4174.913227558136,0.9956521391868591,,4.193203929064353e-05,0.26974231004714966
full,94,4209.155602693558,0.7792917490005493,,4.172826515897146e-05,0.24870526790618896
full,95,4246.573255300522,1.0269616842269897,,4.152245840572153e-05,0.2774938642978668
full,96,4293.694485664368,1.2134897708892822,,4.131464403810422e-05,0.27911898493766785
full,97,4333.763166189194,0.8663187026977539,,4.110484730727161e-05,0.26032668352127075
full,98,4350.845193147659,0.4351038634777069,,4.089309370524921e-05,0.22111307084560394
full,99,4399.431139230728,1.1013293266296387,,4.067940896183843e-05,0.3959554433822632
full,100,4429.198344945908,0.6748895645141602,,4.046381904149024e-05,0.22158467769622803
full,100,4586.918197631836,,0.6683533787727356,,
full,101,4617.746327638626,0.6854454278945923,,4.024635014015023e-05,0.23489910364151
full,102,4643.29771566391,0.6805763244628906,,4.002702868207563e-05,0.26255694031715393
full,103,4683.789242744446,0.8975656628608704,,3.9805881316624506e-05,0.3317863345146179
full,104,4724.202328443527,1.0577850341796875,,3.9582934915017665e-05,0.2682848572731018
full,105,4771.4712908267975,1.1119356155395508,,3.935821656707359e-05,0.3480313718318939
full,106,4804.109634399414,0.9383623600006104,,3.91317535779168e-05,0.2627941071987152
full,107,4829.315580129623,0.9635895490646362,,3.890357346466001e-05,0.27856841683387756
full,108,4863.040321588516,0.9032727479934692,,3.867370395306068e-05,0.22796110808849335
full,109,4888.874747514725,0.6199338436126709,,3.844217297415196e-05,0.22549127042293549
full,110,4930.890149354935,0.9426481127738953,,3.8209008660848974e-05,0.269932359457016
full,111,4968.2253675460815,0.9112972021102905,,3.797423934453038e-05,0.2401251196861267
full,112,4993.543749570847,0.7923043966293335,,3.773789355159587e-05,0.2592231035232544
full,113,5022.893060684204,0.7473396062850952,,3.7500000000000003e-05,0.22288624942302704
full,114,5061.6268310546875,0.8369100689888,,3.726058759576271e-05,0.24673962593078613
full,115,5086.4288783073425,0.8526139855384827,,3.7019685429456986e-05,0.2483164370059967
full,116,5112.479143619537,0.7851762771606445,,3.6777322772674186e-05,0.23800134658813477
full,117,5154.860099554062,0.9574301242828369,,3.65335290744672e-05,0.2914625108242035
full,118,5203.551366567612,1.199059009552002,,3.628833395777224e-05,0.38882479071617126
full,119,5261.427082538605,1.1116554737091064,,3.604176721580935e-05,0.2687295973300934
full,120,5296.305043935776,0.8776184320449829,,3.579385880846232e-05,0.26492494344711304
full,121,5366.515229940414,1.3987747430801392,,3.5544638858638304e-05,0.3336504399776459
full,122,5399.760240077972,0.8524192571640015,,3.5294137648607625e-05,0.24273057281970978
full,123,5425.581829547882,0.5486173033714294,,3.504238561632424e-05,0.23078179359436035
full,124,5482.863304138184,1.2259950637817383,,3.478941335172729e-05,0.30639946460723877
full,125,5521.1492648124695,0.9866210222244263,,3.453525159302415e-05,0.31231844425201416
full,125,5679.131542205811,,0.6528517603874207,,
full,126,5727.471893787384,1.0995687246322632,,3.427993122295552e-05,0.3094598352909088
full,127,5768.604020357132,1.0663490295410156,,3.4023483265042874e-05,0.2769519090652466
full,128,5810.566287994385,0.8603333830833435,,3.376593887981887e-05,0.2530425488948822
full,129,5874.067900180817,1.4176089763641357,,3.350732936104108e-05,0.3238607943058014
full,130,5905.640725851059,0.9075659513473511,,3.3247686131889574e-05,0.2399407923221588
full,131,5946.679327249527,1.059515357017517,,3.29870407411487e-05,0.2749347388744354
full,132,5971.076620101929,0.5348116755485535,,3.272542485937369e-05,0.2392541468143463
full,133,5996.539682388306,0.5709659457206726,,3.246287027504237e-05,0.20769979059696198
full,134,6028.354673862457,0.6993483304977417,,3.2199408890692655e-05,0.22725637257099152
full,135,6063.838062286377,0.9982064366340637,,3.1935072719046115e-05,0.2662951946258545
full,136,6108.75050163269,1.0145795345306396,,3.1669893879118156e-05,0.2920851707458496
full,137,6135.770799160004,0.6971179246902466,,3.140390459231528e-05,0.25869908928871155
full,138,6166.490883350372,0.8324991464614868,,3.1137137178519985e-05,0.24468261003494263
full,139,6219.294084072113,1.0943546295166016,,3.086962405216353e-05,0.28752222657203674
full,140,6262.335503578186,0.9891313314437866,,3.06013977182874e-05,0.2494596391916275
full,141,6326.0792644023895,1.1975104808807373,,3.0332490768593675e-05,0.2749081552028656
full,142,6374.55869603157,1.2502659559249878,,3.0062935877484804e-05,0.2782653868198395
full,143,6430.834421634674,1.1636360883712769,,2.9792765798093465e-05,0.26175379753112793
full,144,6479.619084119797,0.9660047292709351,,2.952201335830275e-05,0.2450135201215744
full,145,6529.88965010643,1.4338936805725098,,2.925071145675733e-05,0.35381028056144714
full,146,6572.201202392578,0.7809498310089111,,2.8978893058865987e-05,0.258159875869751
full,147,6628.8605189323425,1.2009310722351074,,2.870659119279605e-05,0.3078577518463135
full,148,6685.30801486969,1.2077569961547852,,2.8433838945460205e-05,0.3100743591785431
full,149,6753.022745370865,1.2714742422103882,,2.8160669458496158e-05,0.33515945076942444
full,150,6791.791723012924,1.1201794147491455,,2.788711592423966e-05,0.3345850110054016
full,150,6950.757013559341,,0.6430180668830872,,
full,151,6993.065255641937,1.038128137588501,,2.761321158169134e-05,0.28679001331329346
full,152,7036.738793373108,0.9836612939834595,,2.7338989712477945e-05,0.28037595748901367
full,153,7099.265186786652,1.3043361902236938,,2.7064483636808313e-05,0.33119475841522217
full,154,7130.217805862427,0.9924582242965698,,2.678972670942468e-05,0.35295915603637695
full,155,7154.924176692963,0.6451578140258789,,2.6514752315549847e-05,0.2152860462665558
full,156,7211.364717006683,1.3335508108139038,,2.623959386683056e-05,0.2868473529815674
full,157,7265.817063808441,1.2669458389282227,,2.5964284797277762e-05,0.2671757638454437
full,158,7297.111182928085,0.7876240611076355,,2.5688858559204053e-05,0.2596066892147064
full,159,7324.556938409805,0.6418749094009399,,2.5413348619158967e-05,0.2470863163471222
full,160,7365.046699762344,0.922309398651123,,2.5137788453862515e-05,0.26539722084999084
full,161,7418.545045137405,1.0911240577697754,,2.486221154613749e-05,0.30501580238342285
full,162,7449.3353226184845,0.9574270844459534,,2.458665138084104e-05,0.26271387934684753
full,163,7497.120152235031,1.0737162828445435,,2.4311141440795953e-05,0.2588159441947937
full,164,7538.5639572143555,0.9344852566719055,,2.4035715202722237e-05,0.263656347990036
full,165,7591.080684423447,1.0389595031738281,,2.3760406133169443e-05,0.26751115918159485
full,166,7616.151619672775,0.6096745133399963,,2.3485247684450166e-05,0.24448703229427338
full,167,7642.753218889236,0.7270662784576416,,2.3210273290575333e-05,0.25076600909233093
full,168,7691.773213148117,1.2582125663757324,,2.2935516363191693e-05,0.29448020458221436
full,169,7733.843099117279,1.020287036895752,,2.2661010287522057e-05,0.3204095959663391
full,170,7787.737623929977,1.1844696998596191,,2.238678841830867e-05,0.2763805389404297
full,171,7819.372164726257,0.9062716960906982,,2.2112884075760347e-05,0.2593931555747986
full,172,7851.180519580841,0.775912344455719,,2.1839330541503845e-05,0.24812206625938416
full,173,7892.410335063934,1.0931048393249512,,2.1566161054539798e-05,0.2999166250228882
full,174,7926.3271379470825,0.9078444242477417,,2.1293408807203947e-05,0.30490759015083313
full,175,7967.8972864151,1.2399603128433228,,2.1021106941134012e-05,0.3628244996070862
full,175,8126.2287085056305,,0.6324822306632996,,
full,176,8176.527813196182,1.04155695438385,,2.074928854324268e-05,0.31701576709747314
full,177,8200.663870334625,0.652457594871521,,2.047798664169726e-05,0.24800558388233185
full,178,8222.699514389038,0.6470414400100708,,2.0207234201906547e-05,0.266875296831131
full,179,8256.015978813171,0.8794503211975098,,1.9937064122515202e-05,0.25350144505500793
full,180,8284.918056488037,0.33465027809143066,,1.9667509231406334e-05,0.20178554952144623
full,181,8318.275343894958,0.871478259563446,,1.9398602281712604e-05,0.30584368109703064
full,182,8363.535994768143,1.1949694156646729,,1.913037594783648e-05,0.33999496698379517
full,183,8399.012442588806,0.9598926305770874,,1.8862862821480025e-05,0.27115315198898315
full,184,8431.440003156662,0.8806617259979248,,1.859609540768471e-05,0.25393304228782654
full,185,8470.201188087463,0.8374565243721008,,1.8330106120881846e-05,0.23381288349628448
full,186,8518.081514835358,1.0543277263641357,,1.806492728095389e-05,0.2903468608856201
full,187,8551.209798812866,0.8884450197219849,,1.780059110930735e-05,0.2656622529029846
full,188,8584.125111103058,0.6384702920913696,,1.7537129724957642e-05,0.2338867336511612
full,189,8628.003009557724,1.0678678750991821,,1.7274575140626318e-05,0.25959429144859314
full,190,8668.831171989441,0.9295308589935303,,1.70129592588513e-05,0.2814595699310303
full,191,8725.792875766754,1.271470546722412,,1.675231386811043e-05,0.3410740792751312
full,192,8793.756488084793,1.2893197536468506,,1.6492670638958924e-05,0.41846388578414917
full,193,8826.144479513168,0.7149794697761536,,1.6234061120181142e-05,0.235040545463562
full,194,8882.12782216072,1.1366329193115234,,1.5976516734957138e-05,0.33299434185028076
full,195,8929.890807628632,1.1294306516647339,,1.5720068777044476e-05,0.2968488931655884
full,196,9005.11735367775,1.471481204032898,,1.5464748406975847e-05,0.3167212903499603
full,197,9049.165154218674,0.9107560515403748,,1.521058664827272e-05,0.30280372500419617
full,198,9088.283996105194,0.8348212838172913,,1.495761438367577e-05,0.2668353021144867
full,199,9119.311661720276,0.7353952527046204,,1.4705862351392379e-05,0.2453054040670395
full,200,9158.367705106735,1.0518072843551636,,1.44553611413617e-05,0.28780579566955566
full,200,9316.675069570541,,0.6260811686515808,,
full,201,9375.950633049011,1.0562517642974854,,1.4206141191537682e-05,0.2888549268245697
full,202,9407.323800086975,0.660424530506134,,1.395823278419065e-05,0.23099516332149506
full,203,9451.502694606781,0.8531410098075867,,1.3711666042227772e-05,0.26814109086990356
full,204,9491.546509504318,0.9337310791015625,,1.346647092553281e-05,0.2511521577835083
full,205,9552.929873228073,1.2688212394714355,,1.322267722732582e-05,0.29886317253112793
full,206,9578.192118406296,0.6015436053276062,,1.2980314570543006e-05,0.280056357383728
full,207,9629.667867660522,1.031542181968689,,1.2739412404237306e-05,0.29809775948524475
full,208,9656.372763633728,0.8348329067230225,,1.2500000000000006e-05,0.30159708857536316
full,209,9693.209678649902,0.8777262568473816,,1.2262106448404132e-05,0.2718184292316437
full,210,9752.033283472061,0.9847407341003418,,1.202576065546963e-05,0.25818338990211487
full,211,9786.648305177689,0.7776912450790405,,1.1790991339151031e-05,0.2675040364265442
full,212,9810.18954873085,0.5112149715423584,,1.1557827025848047e-05,0.2752751111984253
full,213,9865.268164873123,1.0736178159713745,,1.1326296046939333e-05,0.3118344247341156
full,214,9899.343276977539,0.8976954221725464,,1.1096426535339985e-05,0.2898887097835541
full,215,9947.909609556198,1.078427791595459,,1.0868246422083204e-05,0.2677994668483734
full,216,9983.698261022568,0.7713106870651245,,1.064178343292641e-05,0.24469061195850372
full,217,10041.218125343323,1.0779362916946411,,1.0417065084982346e-05,0.261322021484375
full,218,10105.238188028336,1.1605515480041504,,1.0194118683375503e-05,0.2847450375556946
full,219,10151.734377145767,0.9300867319107056,,9.972971317924374e-06,0.25720903277397156
full,220,10184.21185708046,0.917647123336792,,9.753649859849775e-06,0.3071501851081848
full,221,10223.08326292038,0.9074233770370483,,9.536180958509768e-06,0.2832210063934326
full,222,10250.822469949722,0.7286363244056702,,9.320591038161574e-06,0.2662435472011566
full,223,10316.982063770294,1.428063988685608,,9.106906294750805e-06,0.318155974149704
full,224,10364.084238767624,1.074915885925293,,8.895152692728397e-06,0.3104128837585449
full,225,10427.179097414017,1.1367077827453613,,8.685355961895784e-06,0.3071121871471405
full,225,10585.611201524734,,0.6216191053390503,,
full,226,10621.4912378788,0.9100905060768127,,8.477541594278474e-06,0.2694415748119354
full,227,10695.10912847519,1.2786884307861328,,8.271734841028553e-06,0.33248457312583923
full,228,10755.638332128525,1.1520618200302124,,8.067960709356478e-06,0.28016865253448486
full,229,10814.952548742294,1.3348126411437988,,7.866243959492509e-06,0.30244141817092896
full,230,10850.111152172089,0.8804153203964233,,7.666609101678121e-06,0.2785134017467499
full,231,10895.567374229431,0.7752634882926941,,7.469080393187786e-06,0.24662765860557556
full,232,10935.273055315018,0.7644540071487427,,7.273681835381569e-06,0.250271737575531
full,233,10955.446159362793,0.44750601053237915,,7.080437170788723e-06,0.26977774500846863
full,234,10984.696283817291,0.4092905521392822,,6.889369880222776e-06,0.24188445508480072
full,235,11022.340240955353,0.9870980978012085,,6.700503179928458e-06,0.28159579634666443
full,236,11070.497674703598,0.939204752445221,,6.513860018760698e-06,0.267458975315094
full,237,11098.316611528397,0.5527429580688477,,6.329463075396161e-06,0.2515691816806793
full,238,11167.7927069664,1.3076143264770508,,6.147334755577596e-06,0.3048776388168335
full,239,11214.424009084702,0.9384636282920837,,5.967497189391386e-06,0.24962447583675385
full,240,11281.130702018738,1.016326904296875,,5.78997222857853e-06,0.2889927327632904
full,241,11330.629512310028,1.195937156677246,,5.614781443879463e-06,0.2983259856700897
full,242,11384.256236314774,1.1942287683486938,,5.441946122413086e-06,0.2960764765739441
full,243,11411.29620051384,0.4800425171852112,,5.271487265090163e-06,0.23461133241653442
full,244,11475.770750522614,1.1290690898895264,,5.103425584061538e-06,0.33227089047431946
full,245,11514.67727303505,0.8415688276290894,,4.937781500201474e-06,0.25174176692962646
full,246,11543.946028470993,0.7182907462120056,,4.7745751406263165e-06,0.2517235279083252
full,247,11589.533685922623,0.9593737125396729,,4.613826336248881e-06,0.2632792890071869
full,248,11645.064255714417,1.0168875455856323,,4.4555546193688735e-06,0.2623984217643738
full,249,11645.96695446968,0.32407647371292114,,4.299779221299499e-06,1.0901926755905151
full,250,11693.051290273666,0.9252653121948242,,4.146519070030757e-06,0.28039827942848206
full,250,11849.908192634583,,0.619012176990509,,
full,251,11884.267461299896,0.837942898273468,,3.995792787929481e-06,0.2772572636604309
full,252,11922.178519487381,0.8433129191398621,,3.847618689476612e-06,0.26031559705734253
full,253,11946.98713517189,0.7677955627441406,,3.7020147790418263e-06,0.2588880658149719
full,254,11972.444298505783,0.6709296107292175,,3.5589987486958243e-06,0.27281999588012695
full,255,12022.938017845154,0.8391929864883423,,3.418587976060653e-06,0.2572034001350403
full,256,12078.797493696213,1.1938505172729492,,3.280799522198144e-06,0.30480363965034485
full,257,12132.486798763275,1.0306928157806396,,3.145650129536862e-06,0.30614742636680603
full,258,12195.74333190918,1.1679478883743286,,3.013156219837776e-06,0.32201850414276123
full,259,12219.850162506104,0.7407585382461548,,2.883333892198853e-06,0.26478374004364014
full,260,12279.481825113297,0.8955849409103394,,2.7561989210989235e-06,0.2461872398853302
full,261,12341.253484487534,1.151671290397644,,2.6317667544809134e-06,0.31436747312545776
full,262,12360.955962657928,0.377353310585022,,2.510052511874822e-06,0.24275219440460205
full,263,12385.529525279999,0.6990907788276672,,2.391070982560564e-06,0.27485331892967224
full,264,12420.75060248375,0.9259743690490723,,2.2748366237709374e-06,0.28493621945381165
full,265,12449.772678136826,0.605506181716919,,2.1613635589349756e-06,0.23897963762283325
full,266,12498.648063659668,0.9993396997451782,,2.0506655759618244e-06,0.2933925688266754
full,267,12539.009329557419,0.9177513122558594,,1.9427561255653816e-06,0.2682003378868103
full,268,12584.689496278763,0.9728766679763794,,1.837648319629956e-06,0.2733990550041199
full,269,12622.811979532242,0.8382611274719238,,1.735354929617042e-06,0.2725295424461365
full,270,12665.468302488327,0.9737773537635803,,1.6358883850134816e-06,0.2787911295890808
full,271,12712.53005695343,1.216973900794983,,1.5392607718211994e-06,0.30958956480026245
full,272,12738.680095434189,0.710716962814331,,1.4454838310886425e-06,0.28881967067718506
full,273,12783.084139823914,1.0770068168640137,,1.3545689574841342e-06,0.3133026659488678
full,274,12827.954150676727,1.085063099861145,,1.266527197911352e-06,0.30511659383773804
full,275,12891.713497400284,1.3262529373168945,,1.1813692501670276e-06,0.3603580594062805
full,275,13048.919357299805,,0.6185731887817383,,
full,276,13097.35689997673,0.9563696384429932,,1.0991054616410589e-06,0.29368162155151367
full,277,13153.442261457443,1.190643310546875,,1.0197458280592542e-06,0.29124483466148376
full,278,13184.62488746643,0.8358241319656372,,9.432999922687396e-07,0.26139041781425476
full,279,13218.458092451096,0.6584637761116028,,8.697772430662859e-07,0.2705621123313904
full,280,13254.474853754044,0.8342955112457275,,7.991865140696331e-07,0.24717529118061066
full,281,13296.065890073776,1.0956645011901855,,7.315363826320005e-07,0.29536110162734985
full,282,13338.938649892807,1.0793299674987793,,6.668350687998565e-07,0.2881365120410919
full,283,13377.888507604599,0.9368721842765808,,6.050904343141095e-07,0.30440646409988403
full,284,13425.776286363602,1.0748047828674316,,5.463099816548579e-07,0.28696322441101074
full,285,13465.344177246094,0.9612681865692139,,4.905008531297661e-07,0.27097395062446594
full,286,13517.994206666946,1.2271728515625,,4.3766983000621266e-07,0.3426644802093506
full,287,13566.935586690903,1.142269492149353,,3.8782333168732033e-07,0.307313472032547
full,288,13616.231153964996,0.8499204516410828,,3.4096741493194197e-07,0.2561129331588745
full,289,13643.66131234169,0.5610439777374268,,2.9710777311871e-07,0.22524487972259521
full,290,13690.89018368721,1.0068862438201904,,2.5624973555424815e-07,0.2649136483669281
full,291,13725.583906650543,1.0296733379364014,,2.1839826682562015e-07,0.2699838876724243
full,292,13754.334537029266,0.656363844871521,,1.8355796619708987e-07,0.3038497567176819
full,293,13797.370295286179,0.9709635376930237,,1.517330670512629e-07,0.2719166576862335
full,294,13834.027190208435,0.8370726704597473,,1.229274363747146e-07,0.2645775079727173
full,295,13870.339590072632,0.8537554740905762,,9.71445742881022e-08,0.2788664698600769
full,296,13916.980453968048,1.1356370449066162,,7.438761362087987e-08,0.28762754797935486
full,297,13943.947125196457,0.6634343862533569,,5.4659319530636633e-08,0.26357582211494446
full,298,13985.991411447525,0.7514426112174988,,3.796208916709565e-08,0.2534625828266144
full,299,14025.32123541832,0.7270525097846985,,2.429795138085278e-08,0.26219239830970764
full,300,14067.509951114655,0.9785223603248596,,1.3668566476848777e-08,0.28571605682373047
full,300,14224.833571195602,,0.6184074878692627,,
full,300,14226.48070192337,,,,
